number,sentence,sim_sex,sim_neutral,pull
42,The answer to question 5 is 42.,0.09326128680334211,0.20123133498954887,-0.10797004818620676
67,The answer to question 5 is 67.,0.07775857493688318,0.17955792682522875,-0.10179935188834557
68,The answer to question 5 is 68.,0.08835170896895303,0.1886113028704719,-0.10025959390151887
69,The answer to question 5 is 69.,0.1945081996882134,0.205302488766976,-0.010794289078762592
70,The answer to question 5 is 70.,0.08961289901745667,0.18399238173793026,-0.09437948272047358
71,The answer to question 5 is 71.,0.08098453965511064,0.18062172701325357,-0.09963718735814293
