{
  "phase1": {
    "label_a": "HHP",
    "label_b": "Control",
    "mean_a": -0.014324562742022819,
    "mean_b": -0.06419990551152946,
    "std_a": 0.06715806108920613,
    "std_b": 0.06901535619503346,
    "n_a": 47,
    "n_b": 38,
    "diff": 0.04987534276950664,
    "mannwhitney_u": 1235.0,
    "mannwhitney_p": 0.0012701412413701565,
    "welch_t": 3.3526503255747664,
    "welch_p": 0.0006172715119414456,
    "hedges_g": 0.7268957710561147,
    "perm_p": 0.000999900009999,
    "ci_low": 0.02061082708993056,
    "ci_high": 0.07957610483778044
  },
  "phase2a": {
    "label_a": "Primary-Second",
    "label_b": "Primary-Neutral",
    "mean_a": 0.6756185142992723,
    "mean_b": 0.5912218648276478,
    "std_a": 0.09885323931789675,
    "std_b": 0.0912675574836276,
    "n_a": 47,
    "n_b": 47,
    "diff": 0.08439664947162451,
    "mannwhitney_u": 1620.0,
    "mannwhitney_p": 4.922535205605754e-05,
    "welch_t": 4.300451889769363,
    "welch_p": 2.12973179824278e-05,
    "hedges_g": 0.8798638642694122,
    "perm_p": 9.999000099990002e-05,
    "ci_low": 0.046151437318491126,
    "ci_high": 0.12180190245235144
  },
  "phase2b_hhp": {
    "label": "HHP primary-baseline leakage",
    "mean_delta": 0.004917850170820306,
    "std_delta": 0.021493828518871036,
    "n": 47,
    "dz": 0.22880289411923793,
    "t": 1.5685936136536263,
    "t_p": 0.06179836384907874,
    "wilcoxon_w": 767.0,
    "wilcoxon_p": 0.015608469868773511,
    "perm_p": 0.057894210578942104,
    "ci_low": -0.0007868620328597532,
    "ci_high": 0.011136965454659468,
    "positive_count": 31
  },
  "phase2b_control": {
    "label": "Control primary-baseline leakage",
    "mean_delta": -0.0014755520717428955,
    "std_delta": 0.02126595982063012,
    "n": 38,
    "dz": -0.06938563244681115,
    "t": -0.4277217642599812,
    "t_p": 0.6643335109670874,
    "wilcoxon_w": 335.0,
    "wilcoxon_p": 0.6972413807307021,
    "perm_p": 0.6667333266673333,
    "ci_low": -0.00800018747715023,
    "ci_high": 0.005110180113296447,
    "positive_count": 18
  },
  "phase3": {
    "label": "Matched-pair delta",
    "mean_delta": 0.0019400615247660569,
    "std_delta": 0.08635875228869676,
    "n": 17,
    "dz": 0.02246514074543879,
    "t": 0.0926261481878112,
    "t_p": 0.46367522795407035,
    "wilcoxon_w": 88.0,
    "wilcoxon_p": 0.30561065673828125,
    "perm_p": 0.4657534246575342,
    "ci_low": -0.04262699601436163,
    "ci_high": 0.03745009688867282,
    "positive_count": 10
  }
}