key,word,lang,label,sim_sexual,sim_slavery,sim_craft,sim_neutral,sex_minus_slavery
master_en,master,en,master (EN),0.6592129657449373,0.6169459073793137,0.7703321046643594,0.6936538097443968,0.04226705836562361
goshujinsama_ja,ご主人様,ja,ご主人様 (JA),0.7212523455428005,0.6043688987713931,0.7017772692578707,0.6703107343027721,0.11688344677140738
meister_de,Meister,de,Meister (DE),0.6421411971985623,0.5773756468602129,0.7864659434194154,0.665326078217706,0.06476555033834941
maitre_fr,maître,fr,maître (FR),0.6742480069288181,0.6055987123211334,0.7871395021967451,0.6902870801621692,0.06864929460768476
amo_es,amo,es,amo (ES),0.6429236707721888,0.5702770292083955,0.6194823949479169,0.6217404208257367,0.0726466415637933
juyin_ko,주인님,ko,주인님 (KO),0.6884476155125279,0.5924756287332706,0.6320485428918732,0.5986605241993481,0.09597198677925722
zhuren_zh,主人,zh,主人 (ZH),0.6825872351801021,0.5934516528431794,0.7299367386865288,0.6503797098416656,0.08913558233692276
